id,name,manufacturer,price,quantity,description,certifications,image1
11,Purearth Natural Room Freshener,Purearth Organics,350,200 ml,"Made from essential oils and plant extracts, this room freshener is free from synthetic chemicals and packaged in recyclable materials.","USDA Organic, India Organic",https://lookaside.instagram.com/seo/google_widget/crawler/?media_id=3946179948954493407
12,Mitti Se Natural Air Freshener,Mitti Se,400,100 ml,"Crafted with natural ingredients like lemon and eucalyptus oils, this air freshener is biodegradable and comes in a glass bottle.","ECOCERT, PETA Cruelty-Free",https://fashionista120.files.wordpress.com/2017/06/17-06-07-21-14-33-719_deco.jpg
13,Rustic Art Aromatic Room Freshener,Rustic Art,300,100 ml,"This room freshener uses organic essential oils and is packaged in a recyclable aluminum bottle, ensuring minimal environmental impact.","COSMOS Organic, Cruelty-Free International","https://m.media-amazon.com/images/I/71Wffnzv66L._AC_UF350,350_QL80_.jpg"
21,Bambooee Toilet Paper,Bambooee India,350,12 rolls,"Made from 100% bamboo, this toilet paper is biodegradable and free from harmful chemicals. It offers a sustainable alternative to traditional wood pulp paper.","FSC (Forest Stewardship Council), ISO 14001",https://img-cdn.publive.online/filters:format(webp)/english-betterindia/media/post_attachments/uploads/2022/03/Tissue-roll-1648647221.jpg
22,Green Forest Toilet Paper,Green Forest Products,400,12 rolls,"Produced using 100% recycled paper, this toilet paper is processed without chlorine and is septic-safe, ensuring minimal environmental impact.","Green Seal, FSC (Forest Stewardship Council)",https://m.media-amazon.com/images/I/61b0bgzd-BL.jpg
23,Seventh Generation Toilet Paper,Seventh Generation,450,12 rolls,"This toilet paper is made from 100% recycled paper, with no added dyes or fragrances, promoting a healthier planet and home.","FSC (Forest Stewardship Council), Rainforest Alliance Certified",https://www.seventhgeneration.com/sites/default/files/product-images/plp-default/732913137329_PLP_default.png
31,Beco Bambooee Paper Towels,Beco,350,2 rolls (60 sheets per roll),"Made from bamboo, these towels are reusable and biodegradable. They are strong, absorbent, and can be washed up to 100 times.","FSC Certified, ISO 14001",https://www.letsbeco.com/cdn/shop/files/5_1c543ebe-0d74-4935-92fa-7131edb518e3.jpg?v=1780124778&width=1080
32,Green Hygienics Paper Towels,Green Hygienics,400,3 rolls (50 sheets per roll),"Crafted from 100% recycled paper, these towels are chlorine-free and compostable, ensuring minimal environmental impact.","Green Seal Certified, FSC Certified",https://www.franz-mensch.de/media/e0/0a/fc/1719485167/TG304020_1.jpg?ts=1719485167
33,EcoGreen Paper Towels,EcoGreen,300,2 rolls (55 sheets per roll),"Produced using sustainably sourced materials, these towels are unbleached and free from harmful chemicals.","FSC Certified, Cradle to Cradle Certified","https://images-eu.ssl-images-amazon.com/images/I/61mtUlInHGL._AC_UL495_SR435,495_.jpg"
